,label,group,prediction
0,1.00,1.00,0.210729
1,1.00,1.00,0.146494
2,1.00,1.00,0.266158
3,0.00,0.00,0.583694
4,0.00,0.00,0.296302
5,0.00,1.00,0.182950
6,1.00,1.00,0.331528
7,0.00,0.00,0.002348
8,1.00,0.00,0.695648
9,1.00,0.00,0.542960
10,0.00,1.00,0.127242
11,1.00,0.00,0.404590
12,1.00,0.00,0.870767
13,1.00,1.00,0.566430
14,0.00,1.00,0.272794
15,0.00,1.00,0.480041
16,1.00,0.00,0.131796
17,0.00,0.00,0.365950
18,1.00,1.00,0.776317
19,0.00,1.00,0.196303
20,1.00,0.00,0.653793
21,0.00,1.00,0.397777
22,1.00,0.00,0.844701
23,1.00,0.00,0.717495
24,1.00,1.00,0.484270
25,1.00,1.00,0.127614
26,0.00,0.00,0.278149
27,0.00,1.00,0.411937
28,1.00,0.00,0.682853
29,0.00,1.00,0.219764
30,1.00,0.00,0.991784
31,1.00,0.00,0.268436
32,1.00,0.00,0.480400
33,0.00,0.00,0.168580
34,1.00,0.00,0.890857
35,0.00,0.00,0.702233
36,0.00,1.00,0.168580
37,0.00,1.00,0.539683
38,1.00,0.00,0.790839
39,1.00,1.00,0.084897
40,0.00,0.00,0.474589
41,0.00,0.00,0.492766
42,0.00,0.00,0.325228
43,1.00,0.00,0.938056
44,1.00,0.00,0.884919
45,0.00,1.00,0.393489
46,1.00,1.00,0.415489
47,0.00,1.00,0.212517
48,0.00,0.00,0.503902
49,1.00,0.00,0.005902
50,0.00,1.00,0.511609
51,1.00,0.00,0.689031
52,0.00,1.00,0.610993
53,0.00,0.00,0.210619
54,0.00,0.00,0.511609
55,1.00,1.00,0.469386
56,0.00,0.00,0.272794
57,1.00,0.00,0.926017
58,1.00,0.00,0.565240
59,1.00,0.00,0.879592
60,1.00,0.00,0.982471
61,0.00,0.00,0.293799
62,1.00,0.00,0.156204
63,1.00,0.00,0.365950
64,0.00,0.00,0.408466
65,0.00,1.00,0.574271
66,1.00,0.00,0.742267
67,0.00,0.00,0.724208
68,1.00,1.00,0.918078
69,0.00,0.00,0.817174
70,0.00,0.00,0.471087
71,1.00,0.00,0.529491
72,0.00,0.00,0.272794
73,1.00,0.00,0.275720
74,0.00,0.00,0.644861
75,1.00,0.00,0.942313
76,0.00,0.00,0.299946
77,0.00,1.00,0.425934
78,1.00,0.00,0.951891
79,1.00,1.00,0.990708
80,0.00,0.00,0.397090
81,0.00,0.00,0.250165
82,1.00,0.00,0.579721
83,1.00,0.00,0.915309
84,1.00,0.00,0.590367
85,1.00,0.00,0.500037
86,1.00,0.00,0.562167
87,1.00,1.00,0.651807
88,0.00,1.00,0.372486
89,1.00,0.00,0.159804
90,1.00,1.00,0.645113
91,0.00,1.00,0.755319
92,1.00,1.00,0.244543
93,1.00,1.00,0.010780
94,1.00,0.00,0.254076
95,0.00,0.00,0.243405
96,1.00,0.00,0.824137
97,1.00,1.00,0.791213
98,1.00,0.00,0.343973
99,1.00,0.00,0.976429
100,1.00,0.00,0.370878
101,1.00,1.00,0.418560
102,1.00,1.00,0.233689
103,0.00,1.00,0.500953
104,0.00,0.00,0.880476
105,1.00,0.00,0.724208
106,1.00,0.00,0.745710
107,1.00,1.00,0.600529
108,1.00,0.00,0.010290
109,0.00,0.00,0.299946
110,0.00,0.00,0.899422
111,1.00,0.00,0.790988
112,1.00,0.00,0.366404
113,1.00,0.00,0.272794
114,0.00,1.00,0.267777
115,0.00,1.00,0.743647
116,1.00,0.00,0.414412
117,0.00,0.00,0.864454
118,0.00,0.00,0.406539
119,0.00,0.00,0.257482
120,1.00,0.00,0.888278
121,1.00,0.00,0.566430
122,0.00,0.00,0.212431
123,0.00,0.00,0.272794
124,1.00,1.00,0.710919
125,0.00,1.00,0.503110
126,1.00,0.00,0.744727
127,0.00,0.00,0.664499
128,1.00,0.00,0.440584
129,1.00,0.00,0.766455
130,0.00,1.00,0.304057
131,0.00,0.00,0.632447
132,1.00,0.00,0.087296
133,1.00,1.00,0.574928
134,0.00,0.00,0.360691
135,1.00,1.00,0.565810
136,1.00,0.00,0.272794
137,1.00,0.00,0.786153
138,0.00,1.00,0.289915
139,1.00,0.00,0.825585
140,1.00,1.00,0.594186
141,1.00,0.00,0.854952
142,0.00,0.00,0.722275
143,1.00,0.00,0.921452
144,1.00,1.00,0.575863
145,0.00,0.00,0.345787
146,1.00,1.00,0.192302
147,1.00,1.00,0.336716
148,0.00,1.00,0.447791
149,0.00,0.00,0.825239
150,1.00,0.00,0.286990
151,0.00,1.00,0.168580
152,1.00,1.00,0.213798
153,1.00,0.00,0.596121
154,1.00,1.00,0.318991
155,0.00,0.00,0.547459
156,1.00,1.00,0.501777
157,1.00,0.00,0.626136
158,0.00,0.00,0.692175
159,1.00,1.00,0.958212
160,0.00,1.00,0.182248
161,1.00,0.00,0.860201
162,0.00,1.00,0.384708
163,0.00,1.00,0.441600
164,1.00,0.00,0.771009
165,1.00,0.00,0.890429
166,0.00,1.00,0.275992
167,0.00,0.00,0.406390
168,0.00,1.00,0.387237
169,0.00,1.00,0.315767
170,1.00,0.00,0.374561
171,1.00,0.00,0.737457
172,0.00,1.00,0.505166
173,0.00,1.00,0.168580
174,1.00,0.00,0.529222
175,0.00,0.00,0.404590
176,1.00,0.00,0.207039
177,0.00,0.00,0.404590
178,1.00,0.00,0.984931
179,1.00,0.00,0.343896
180,0.00,1.00,0.532680
181,0.00,0.00,0.207039
182,0.00,0.00,0.890857
183,0.00,1.00,0.235521
184,0.00,1.00,0.695109
185,0.00,1.00,0.679045
186,0.00,1.00,0.212517
187,1.00,0.00,0.328580
188,1.00,1.00,0.132128
189,0.00,1.00,0.168580
190,1.00,1.00,0.788334
191,1.00,1.00,0.360232
192,1.00,0.00,0.994709
193,1.00,0.00,0.724524
194,1.00,1.00,0.517525
195,0.00,1.00,0.272794
196,0.00,1.00,0.762372
197,1.00,1.00,0.644347
198,0.00,0.00,0.235521
199,1.00,0.00,0.799911
200,1.00,0.00,0.938272
201,1.00,1.00,0.168580
202,0.00,0.00,0.612133
203,0.00,0.00,0.559042
204,1.00,1.00,0.269481
205,1.00,0.00,0.893653
206,0.00,1.00,0.219764
207,0.00,0.00,0.337842
208,0.00,0.00,0.462456
209,1.00,1.00,0.808831
210,0.00,1.00,0.996754
211,1.00,0.00,0.247416
212,1.00,0.00,0.610252
213,1.00,0.00,0.987683
214,0.00,1.00,0.053927
215,0.00,0.00,0.234523
216,1.00,1.00,0.576378
217,0.00,1.00,0.289915
218,1.00,0.00,0.613292
219,1.00,1.00,0.278737
220,0.00,0.00,0.406185
221,1.00,0.00,0.643491
222,1.00,1.00,0.272794
223,1.00,1.00,0.209185
224,1.00,1.00,0.243405
225,0.00,0.00,0.503804
226,0.00,0.00,0.820694
227,0.00,1.00,0.202902
228,1.00,0.00,0.765786
229,1.00,1.00,0.360691
230,0.00,0.00,0.376740
231,0.00,1.00,0.506637
232,1.00,0.00,0.202902
233,0.00,1.00,0.159804
234,0.00,1.00,0.603359
235,1.00,0.00,0.688723
236,0.00,0.00,0.544726
237,0.00,1.00,0.451070
238,1.00,0.00,0.673375
239,0.00,0.00,0.366404
240,1.00,1.00,0.563279
241,0.00,1.00,0.235521
242,1.00,0.00,0.682017
243,1.00,1.00,0.219764
244,1.00,0.00,0.822041
245,0.00,1.00,0.190299
246,0.00,0.00,0.293909
247,1.00,1.00,0.948284
248,0.00,1.00,0.207039
249,0.00,0.00,0.180786
250,1.00,1.00,0.356258
251,1.00,0.00,0.581628
252,0.00,0.00,0.456006
253,1.00,0.00,0.818566
254,1.00,0.00,0.582185
255,1.00,0.00,0.837481
256,1.00,0.00,0.366827
257,0.00,0.00,0.975028
258,0.00,1.00,0.234002
259,0.00,0.00,0.172102
260,0.00,0.00,0.236583
261,0.00,1.00,0.272794
262,1.00,0.00,0.837238
263,0.00,0.00,0.001027
264,1.00,0.00,0.905285
265,0.00,0.00,0.280083
266,1.00,1.00,0.005839
267,1.00,1.00,0.004012
268,1.00,0.00,0.503110
269,1.00,0.00,0.528823
270,1.00,0.00,0.428867
271,0.00,0.00,0.354681
272,0.00,1.00,0.509512
273,1.00,0.00,0.393163
274,1.00,1.00,0.110982
275,0.00,0.00,0.954103
276,0.00,1.00,0.272794
277,1.00,1.00,0.303872
278,0.00,0.00,0.559077
279,0.00,1.00,0.223864
280,1.00,1.00,0.009547
281,1.00,0.00,0.441600
282,0.00,0.00,0.005954
283,1.00,0.00,0.491537
284,0.00,0.00,0.476296
285,0.00,1.00,0.596814
286,0.00,1.00,0.006663
287,0.00,0.00,0.330637
288,0.00,0.00,0.389661
289,0.00,0.00,0.299946
290,1.00,0.00,0.462456
291,0.00,0.00,0.385805
292,0.00,1.00,0.511609
293,0.00,0.00,0.235521
294,1.00,1.00,0.462855
295,0.00,0.00,0.272794
296,0.00,1.00,0.168580
297,0.00,1.00,0.235521
298,1.00,0.00,0.790402
299,1.00,0.00,0.624926
300,0.00,0.00,0.299946
301,0.00,1.00,0.418528
302,0.00,1.00,0.610910
303,0.00,0.00,0.167226
304,0.00,1.00,0.465170
305,0.00,0.00,0.263756
306,1.00,0.00,0.401632
307,1.00,0.00,0.609009
308,1.00,0.00,0.974078
309,1.00,0.00,0.738080
310,1.00,1.00,0.607855
311,0.00,0.00,0.579237
312,1.00,0.00,0.778850
313,0.00,0.00,0.019132
314,1.00,0.00,0.929586
315,1.00,0.00,0.433065
316,1.00,0.00,0.343482
317,1.00,0.00,0.325713
318,1.00,1.00,0.201316
319,0.00,0.00,0.298589
320,0.00,1.00,0.232026
321,0.00,1.00,0.113740
322,0.00,1.00,0.432297
323,0.00,0.00,0.007878
324,0.00,0.00,0.084897
325,1.00,0.00,0.487335
326,1.00,0.00,0.239189
327,0.00,0.00,0.195546
328,0.00,1.00,0.447057
329,0.00,1.00,0.223864
330,0.00,0.00,0.405024
331,1.00,0.00,0.919729
332,0.00,1.00,0.316360
333,0.00,0.00,0.299946
334,0.00,0.00,0.272991
335,0.00,1.00,0.541267
336,1.00,1.00,0.353356
337,1.00,0.00,0.347951
338,0.00,1.00,0.299946
339,1.00,1.00,0.724399
340,1.00,0.00,0.462855
341,0.00,1.00,0.332733
342,0.00,1.00,0.514335
343,1.00,0.00,0.958337
344,0.00,1.00,0.168580
345,1.00,1.00,0.576937
346,0.00,1.00,0.272794
347,0.00,1.00,0.325713
348,0.00,1.00,0.188042
349,0.00,0.00,0.094831
350,0.00,0.00,0.322005
351,0.00,0.00,0.300539
352,0.00,1.00,0.213337
353,1.00,0.00,0.844483
354,0.00,1.00,0.360691
355,0.00,0.00,0.531976
356,0.00,0.00,0.491555
357,0.00,0.00,0.606223
358,1.00,1.00,0.192302
359,0.00,0.00,0.326610
360,1.00,0.00,0.914566
361,0.00,1.00,0.609512
362,0.00,0.00,0.577452
363,0.00,0.00,0.299946
364,0.00,0.00,0.546735
365,1.00,0.00,0.978110
366,1.00,0.00,0.890429
367,1.00,0.00,0.972397
368,1.00,1.00,0.533041
369,1.00,1.00,0.235521
370,1.00,1.00,0.373026
371,1.00,1.00,0.674306
372,0.00,1.00,0.172102
373,1.00,0.00,0.319781
374,0.00,0.00,0.408123
375,0.00,0.00,0.687978
376,1.00,0.00,0.232787
377,1.00,0.00,0.997477
378,0.00,1.00,0.390321
379,1.00,0.00,0.594533
380,0.00,1.00,0.097912
381,1.00,0.00,0.397090
382,1.00,0.00,0.169796
383,0.00,1.00,0.299946
384,0.00,1.00,0.184906
385,1.00,0.00,0.840456
386,0.00,1.00,0.426825
387,1.00,1.00,0.293430
388,1.00,0.00,0.676564
389,0.00,0.00,0.200843
390,1.00,0.00,0.644589
391,1.00,1.00,0.923757
392,1.00,0.00,0.890857
393,0.00,0.00,0.430612
394,0.00,0.00,0.423972
395,1.00,0.00,0.731460
396,1.00,0.00,0.634789
397,1.00,0.00,0.988519
398,0.00,1.00,0.168580
399,0.00,0.00,0.272794
400,1.00,0.00,0.340427
401,0.00,0.00,0.168445
402,0.00,0.00,0.303330
403,0.00,0.00,0.558959
404,0.00,0.00,0.924941
405,1.00,1.00,0.508276
406,1.00,1.00,0.283479
407,0.00,1.00,0.219764
408,1.00,0.00,0.641959
409,1.00,1.00,0.755339
410,0.00,1.00,0.269359
411,1.00,0.00,0.728678
412,0.00,0.00,0.675777
413,0.00,0.00,0.406185
414,1.00,1.00,0.009562
415,0.00,1.00,0.168580
416,0.00,1.00,0.475531
417,0.00,0.00,0.563748
418,0.00,1.00,0.132128
419,1.00,1.00,0.670970
420,1.00,0.00,0.483172
421,0.00,0.00,0.272794
422,1.00,0.00,0.404590
423,0.00,1.00,0.130883
424,1.00,0.00,0.300618
425,1.00,0.00,0.307653
426,0.00,0.00,0.244543
427,1.00,1.00,0.363639
428,0.00,0.00,0.425496
429,0.00,1.00,0.222209
430,1.00,0.00,0.610910
431,1.00,0.00,0.605538
432,1.00,1.00,0.639988
433,1.00,0.00,0.981675
434,0.00,0.00,0.763042
435,0.00,1.00,0.245337
436,0.00,0.00,0.133392
437,1.00,0.00,0.151345
438,0.00,0.00,0.591429
439,0.00,1.00,0.436977
440,1.00,1.00,0.351686
441,1.00,0.00,0.496021
442,0.00,0.00,0.626136
443,1.00,1.00,0.277071
444,0.00,1.00,0.168580
445,0.00,0.00,0.526131
446,1.00,0.00,0.998347
447,0.00,0.00,0.744727
448,1.00,1.00,0.803542
449,0.00,0.00,0.658831
450,1.00,0.00,0.004698
451,0.00,0.00,0.366004
452,1.00,1.00,0.128150
453,0.00,0.00,0.010145
454,0.00,1.00,0.661982
455,0.00,1.00,0.512541
456,0.00,1.00,0.960157
457,0.00,1.00,0.987144
458,1.00,0.00,0.496021
459,1.00,1.00,0.229713
460,1.00,1.00,0.358178
461,0.00,0.00,0.345787
462,0.00,1.00,0.460916
463,0.00,1.00,0.627758
464,0.00,0.00,0.301904
465,0.00,1.00,0.219764
466,1.00,0.00,0.719702
467,0.00,0.00,0.416361
468,0.00,1.00,0.527874
469,1.00,0.00,0.795773
470,1.00,1.00,0.454412
471,0.00,0.00,0.439664
472,0.00,1.00,0.204272
473,1.00,0.00,0.720675
474,0.00,0.00,0.563748
475,1.00,0.00,0.564457
476,1.00,1.00,0.715445
477,1.00,0.00,0.710382
478,0.00,1.00,0.182538
479,1.00,1.00,0.690080
480,0.00,0.00,0.418528
481,0.00,1.00,0.299946
482,1.00,0.00,0.475604
483,1.00,0.00,0.505131
484,1.00,1.00,0.652215
485,0.00,0.00,0.591869
486,1.00,0.00,0.500826
487,1.00,0.00,0.701301
488,1.00,0.00,0.697634
489,0.00,0.00,0.281910
490,0.00,1.00,0.107511
491,0.00,0.00,0.499492
492,0.00,0.00,0.201615
493,0.00,1.00,0.207480
494,1.00,0.00,0.702956
495,1.00,1.00,0.132128
496,0.00,0.00,0.412389
497,1.00,1.00,0.664934
498,0.00,1.00,0.076808
499,1.00,0.00,0.865025
500,1.00,0.00,0.374561
501,0.00,0.00,0.702956
502,0.00,0.00,0.979010
503,0.00,0.00,0.443288
504,0.00,0.00,0.426825
505,1.00,1.00,0.232787
506,0.00,1.00,0.039641
507,0.00,0.00,0.416668
508,1.00,0.00,0.525687
509,1.00,0.00,0.728963
510,1.00,0.00,0.188042
511,1.00,0.00,0.881932
512,1.00,1.00,0.316360
513,1.00,0.00,0.626136
514,1.00,0.00,0.701914
515,0.00,1.00,0.004274
516,0.00,1.00,0.219764
517,0.00,0.00,0.540128
518,0.00,0.00,0.142751
519,1.00,0.00,0.089899
520,0.00,0.00,0.316360
521,0.00,0.00,0.330197
522,0.00,1.00,0.157799
523,1.00,1.00,0.471560
524,0.00,1.00,0.168580
525,1.00,0.00,0.789883
526,0.00,0.00,0.289915
527,1.00,0.00,0.808070
528,1.00,0.00,0.652798
529,0.00,0.00,0.272794
530,0.00,1.00,0.438606
531,0.00,1.00,0.372905
532,1.00,1.00,0.713952
533,0.00,1.00,0.589674
534,0.00,1.00,0.164177
535,0.00,0.00,0.299946
536,0.00,0.00,0.268713
537,0.00,0.00,0.316634
538,0.00,0.00,0.529581
539,0.00,0.00,0.272794
540,0.00,0.00,0.914151
541,1.00,0.00,0.385527
542,1.00,1.00,0.845978
543,1.00,1.00,0.632677
544,1.00,1.00,0.071696
545,0.00,1.00,0.252270
546,0.00,1.00,0.168580
547,1.00,0.00,0.165703
548,0.00,1.00,0.266652
549,0.00,0.00,0.741822
550,0.00,0.00,0.272794
551,0.00,0.00,0.265002
552,1.00,0.00,0.583344
553,1.00,0.00,0.889107
554,0.00,1.00,0.488646
555,0.00,0.00,0.587017
556,1.00,0.00,0.566095
557,1.00,0.00,0.926043
558,0.00,0.00,0.366404
559,1.00,0.00,0.511609
560,0.00,1.00,0.075271
561,1.00,0.00,0.368645
562,0.00,1.00,0.427092
563,0.00,1.00,0.272794
564,1.00,0.00,0.299946
565,0.00,0.00,0.212431
566,1.00,1.00,0.498348
567,1.00,0.00,0.688360
568,1.00,1.00,0.804860
569,1.00,1.00,0.767697
570,1.00,0.00,0.902978
571,1.00,0.00,0.206318
572,0.00,0.00,0.040073
573,1.00,0.00,0.782360
574,0.00,0.00,0.436977
575,0.00,0.00,0.484270
576,1.00,0.00,0.260390
577,0.00,0.00,0.344969
578,0.00,1.00,0.272794
579,0.00,1.00,0.530664
580,1.00,0.00,0.386568
581,1.00,0.00,0.447122
582,0.00,1.00,0.299946
583,1.00,1.00,0.210729
584,1.00,0.00,0.995205
585,1.00,0.00,0.533201
586,1.00,1.00,0.711285
587,0.00,1.00,0.075271
588,0.00,1.00,0.180786
589,0.00,0.00,0.008028
590,0.00,1.00,0.428271
591,1.00,0.00,0.596121
592,0.00,0.00,0.075271
593,1.00,0.00,0.536971
594,0.00,0.00,0.328580
595,0.00,1.00,0.355141
596,1.00,0.00,0.355557
597,0.00,1.00,0.299946
598,0.00,0.00,0.409443
599,0.00,1.00,0.376709
600,0.00,0.00,0.300173
601,1.00,1.00,0.497851
602,0.00,1.00,0.544057
603,1.00,0.00,0.810793
604,0.00,0.00,0.798831
605,1.00,1.00,0.581021
606,1.00,0.00,0.818126
607,1.00,1.00,0.283630
608,0.00,1.00,0.728253
609,0.00,0.00,0.374561
610,1.00,0.00,0.279197
611,1.00,0.00,0.373115
612,0.00,0.00,0.240504
613,1.00,1.00,0.567017
614,0.00,1.00,0.441600
615,0.00,1.00,0.095996
616,1.00,0.00,0.360232
617,1.00,0.00,0.436977
618,1.00,1.00,0.328580
619,0.00,0.00,0.000833
620,0.00,0.00,0.397777
621,1.00,1.00,0.754350
622,1.00,0.00,0.778470
623,0.00,1.00,0.075271
624,0.00,0.00,0.451121
625,0.00,1.00,0.008166
626,0.00,0.00,0.404590
627,1.00,1.00,0.977582
628,1.00,0.00,0.168580
629,0.00,1.00,0.132128
630,0.00,1.00,0.478494
631,0.00,1.00,0.418528
632,0.00,0.00,0.225252
633,1.00,0.00,0.902613
634,1.00,0.00,0.683239
635,1.00,0.00,0.575863
636,0.00,1.00,0.235521
637,1.00,0.00,0.311239
638,1.00,0.00,0.798479
639,0.00,1.00,0.355557
640,0.00,0.00,0.591777
641,1.00,0.00,0.686360
642,1.00,1.00,0.432423
643,0.00,1.00,0.086781
644,0.00,0.00,0.820071
645,1.00,1.00,0.404590
646,1.00,0.00,0.592079
647,1.00,0.00,0.356174
648,0.00,0.00,0.739937
649,0.00,1.00,0.339059
650,1.00,0.00,0.008168
651,1.00,0.00,0.524769
652,0.00,0.00,0.388333
653,0.00,0.00,0.097912
654,0.00,0.00,0.182201
655,1.00,0.00,0.715658
656,0.00,1.00,0.358547
657,1.00,0.00,0.910260
658,1.00,1.00,0.555574
659,1.00,0.00,0.771676
660,1.00,0.00,0.699182
661,0.00,0.00,0.529830
662,0.00,0.00,0.443379
663,1.00,0.00,0.753620
664,1.00,0.00,0.438943
665,0.00,1.00,0.299946
666,0.00,0.00,0.229713
667,1.00,1.00,0.496021
668,0.00,0.00,0.235521
669,1.00,0.00,0.484301
670,0.00,1.00,0.316360
671,1.00,0.00,0.779851
672,0.00,1.00,0.200082
673,0.00,0.00,0.404590
674,0.00,0.00,0.252258
675,1.00,0.00,0.461529
676,0.00,0.00,0.511609
677,0.00,0.00,0.954422
678,1.00,0.00,0.552672
679,1.00,1.00,0.434437
680,0.00,0.00,0.314626
681,0.00,0.00,0.404590
682,1.00,1.00,0.609444
683,0.00,0.00,0.491555
684,1.00,0.00,0.339089
685,1.00,0.00,0.765302
686,0.00,0.00,0.299946
687,0.00,1.00,0.017879
688,1.00,1.00,0.660370
689,0.00,0.00,0.256597
690,0.00,0.00,0.934425
691,0.00,1.00,0.580112
692,1.00,0.00,0.841866
693,1.00,0.00,0.203654
694,0.00,1.00,0.075271
695,0.00,0.00,0.693046
696,1.00,1.00,0.272794
697,1.00,1.00,0.932758
698,0.00,0.00,0.489128
699,0.00,0.00,0.316360
700,1.00,1.00,0.429310
701,0.00,1.00,0.480400
702,0.00,1.00,0.649031
703,1.00,0.00,0.628271
704,0.00,0.00,0.996748
705,1.00,0.00,0.343896
706,1.00,0.00,0.410431
707,1.00,1.00,0.676092
708,1.00,0.00,0.356230
709,0.00,0.00,0.212431
710,1.00,0.00,0.716142
711,0.00,1.00,0.119595
712,0.00,1.00,0.168580
713,0.00,1.00,0.332052
714,0.00,0.00,0.951220
715,1.00,1.00,0.581021
716,0.00,0.00,0.229713
717,1.00,0.00,0.880342
718,0.00,0.00,0.048358
719,0.00,1.00,0.650492
720,0.00,0.00,0.754119
721,0.00,1.00,0.085063
722,0.00,1.00,0.272991
723,1.00,1.00,0.683550
724,0.00,0.00,0.711581
725,1.00,1.00,0.004074
726,1.00,0.00,0.742699
727,1.00,1.00,0.451186
728,1.00,0.00,0.531976
729,0.00,0.00,0.253959
730,1.00,1.00,0.159804
731,1.00,0.00,0.287598
732,1.00,0.00,0.784432
733,1.00,0.00,0.715780
734,1.00,0.00,0.847133
735,1.00,0.00,0.861932
736,0.00,0.00,0.202902
737,0.00,1.00,0.168580
738,1.00,0.00,0.613583
739,0.00,1.00,0.459619
740,0.00,0.00,0.601587
741,0.00,1.00,0.307653
742,0.00,1.00,0.299946
743,0.00,0.00,0.159160
744,0.00,1.00,0.293170
745,1.00,1.00,0.429326
746,1.00,1.00,0.636185
747,1.00,0.00,0.860018
748,0.00,1.00,0.130883
749,0.00,0.00,0.339651
750,1.00,1.00,0.355557
751,1.00,1.00,0.538163
752,1.00,0.00,0.193772
753,1.00,0.00,0.827260
754,0.00,1.00,0.465948
755,1.00,0.00,0.286690
756,1.00,1.00,0.325713
757,1.00,0.00,0.310434
758,1.00,1.00,0.905063
759,1.00,0.00,0.517983
760,0.00,0.00,0.491855
761,0.00,1.00,0.314553
762,0.00,0.00,0.672182
763,0.00,0.00,0.225889
764,1.00,1.00,0.148131
765,1.00,0.00,0.519623
766,0.00,0.00,0.422782
767,1.00,0.00,0.807653
768,1.00,0.00,0.782644
769,0.00,0.00,0.291493
770,1.00,0.00,0.290298
771,1.00,1.00,0.132128
772,1.00,0.00,0.874471
773,0.00,1.00,0.482045
774,1.00,0.00,0.675201
775,1.00,0.00,0.322005
776,1.00,1.00,0.404590
777,0.00,1.00,0.272794
778,0.00,0.00,0.453878
779,0.00,0.00,0.750822
780,0.00,1.00,0.316360
781,1.00,1.00,0.010307
782,1.00,1.00,0.358178
783,0.00,1.00,0.168580
784,0.00,1.00,0.295624
785,0.00,0.00,0.587653
786,1.00,1.00,0.229713
787,0.00,1.00,0.168580
788,1.00,0.00,0.660348
789,1.00,0.00,0.026331
790,0.00,0.00,0.309231
791,0.00,0.00,0.260390
792,1.00,1.00,0.611468
793,0.00,1.00,0.325713
794,1.00,0.00,0.570699
795,0.00,1.00,0.210729
796,1.00,0.00,0.791930
797,0.00,0.00,0.521415
798,0.00,0.00,0.649410
799,1.00,0.00,0.561685
800,1.00,0.00,0.370057
801,0.00,1.00,0.272794
802,0.00,0.00,0.785866
803,1.00,0.00,0.361094
804,1.00,0.00,0.903127
805,0.00,1.00,0.345787
806,1.00,1.00,0.256758
807,0.00,0.00,0.189948
808,1.00,0.00,0.910068
809,1.00,0.00,0.272794
810,0.00,0.00,0.142751
811,0.00,0.00,0.148131
812,0.00,0.00,0.272794
813,1.00,0.00,0.251284
814,0.00,1.00,0.168580
815,1.00,0.00,0.182941
816,0.00,1.00,0.654270
817,0.00,0.00,0.496021
818,0.00,0.00,0.742472
819,0.00,0.00,0.864490
820,0.00,0.00,0.163909
821,0.00,1.00,0.569370
822,1.00,0.00,0.731361
823,1.00,0.00,0.544726
824,0.00,0.00,0.225889
825,0.00,0.00,0.358547
826,0.00,0.00,0.168818
827,1.00,1.00,0.642175
828,0.00,1.00,0.286690
829,0.00,1.00,0.172102
830,0.00,0.00,0.547500
831,0.00,0.00,0.840860
832,0.00,1.00,0.456949
833,1.00,1.00,0.656296
834,1.00,0.00,0.358547
835,1.00,0.00,0.325713
836,1.00,0.00,0.355557
837,1.00,0.00,0.980231
838,1.00,1.00,0.309231
839,1.00,1.00,0.462456
840,1.00,1.00,0.481885
841,1.00,0.00,0.245544
842,1.00,1.00,0.589719
843,1.00,0.00,0.345787
844,1.00,0.00,0.607943
845,1.00,0.00,0.296150
846,0.00,0.00,0.397090
847,0.00,0.00,0.312831
848,0.00,1.00,0.702322
849,0.00,1.00,0.168580
850,0.00,0.00,0.612106
851,1.00,0.00,0.354681
852,0.00,1.00,0.810082
853,0.00,1.00,0.293430
854,0.00,0.00,0.592763
855,1.00,1.00,0.639644
856,0.00,0.00,0.676866
857,1.00,0.00,0.613322
858,0.00,1.00,0.155403
859,0.00,1.00,0.360386
860,0.00,1.00,0.316360
861,0.00,1.00,0.101012
862,1.00,1.00,0.326333
863,0.00,1.00,0.462456
864,0.00,0.00,0.236583
865,1.00,1.00,0.297808
866,0.00,0.00,0.609512
867,0.00,1.00,0.168580
868,1.00,1.00,0.544202
869,1.00,0.00,0.473115
870,0.00,0.00,0.235521
871,1.00,0.00,0.725132
872,0.00,1.00,0.366404
873,0.00,1.00,0.188042
874,0.00,0.00,0.563748
875,1.00,0.00,0.154040
876,0.00,1.00,0.456006
877,0.00,1.00,0.203654
878,0.00,0.00,0.321728
879,1.00,0.00,0.711581
880,0.00,1.00,0.366404
881,0.00,0.00,0.484270
882,1.00,0.00,0.280456
883,0.00,1.00,0.176172
884,0.00,1.00,0.504976
885,0.00,1.00,0.222427
886,0.00,0.00,0.966251
887,0.00,0.00,0.272794
888,1.00,0.00,0.612992
889,1.00,1.00,0.132285
890,0.00,1.00,0.480041
891,0.00,1.00,0.211249
892,0.00,1.00,0.272794
893,1.00,0.00,0.715556
894,0.00,0.00,0.440584
895,1.00,1.00,0.407221
896,0.00,1.00,0.235613
897,0.00,0.00,0.016052
898,0.00,0.00,0.689789
899,1.00,0.00,0.272794
900,0.00,1.00,0.411015
901,1.00,0.00,0.392644
902,1.00,1.00,0.057514
903,1.00,1.00,0.992406
904,0.00,0.00,0.436977
905,1.00,0.00,0.954034
906,1.00,1.00,0.845627
907,1.00,1.00,0.431809
908,1.00,0.00,0.299946
909,0.00,1.00,0.328818
910,0.00,1.00,0.665387
911,1.00,0.00,0.606408
912,0.00,1.00,0.066335
913,1.00,0.00,0.397777
914,1.00,0.00,0.993232
915,0.00,0.00,0.416668
916,0.00,1.00,0.040073
917,1.00,0.00,0.819460
918,0.00,0.00,0.471902
919,0.00,1.00,0.196303
920,1.00,0.00,0.550719
921,1.00,0.00,0.944718
922,0.00,1.00,0.355557
923,0.00,1.00,0.101012
924,1.00,1.00,0.209623
925,1.00,0.00,0.729947
926,0.00,0.00,0.416807
927,1.00,1.00,0.511609
928,1.00,0.00,0.612826
929,0.00,1.00,0.670970
930,0.00,0.00,0.941582
931,0.00,1.00,0.235521
932,1.00,1.00,0.989416
933,0.00,1.00,0.188042
934,1.00,1.00,0.245337
935,1.00,0.00,0.689730
936,0.00,1.00,0.263091
937,1.00,0.00,0.404590
938,1.00,1.00,0.328580
939,0.00,1.00,0.235521
940,1.00,0.00,0.670706
941,1.00,0.00,0.172102
942,1.00,1.00,0.469386
943,1.00,1.00,0.418528
944,1.00,0.00,0.980292
945,0.00,0.00,0.501483
946,1.00,0.00,0.533201
947,0.00,0.00,0.989500
948,0.00,1.00,0.456006
949,0.00,1.00,0.428867
950,0.00,1.00,0.272794
951,0.00,0.00,0.848302
952,1.00,0.00,0.524881
953,0.00,1.00,0.272794
954,0.00,0.00,0.715873
955,1.00,1.00,0.432297
956,1.00,1.00,0.835919
957,1.00,1.00,0.563748
958,1.00,1.00,0.739547
959,1.00,0.00,0.268981
960,1.00,0.00,0.849549
961,0.00,0.00,0.544202
962,0.00,0.00,0.455748
963,1.00,1.00,0.325713
964,0.00,1.00,0.076808
965,0.00,1.00,0.686360
966,0.00,1.00,0.332134
967,0.00,0.00,0.395630
968,1.00,0.00,0.858082
969,0.00,1.00,0.608878
970,1.00,0.00,0.997967
971,1.00,0.00,0.857017
972,0.00,0.00,0.489849
973,1.00,0.00,0.905519
974,0.00,1.00,0.263091
975,1.00,0.00,0.867298
976,1.00,1.00,0.279197
977,1.00,0.00,0.626905
978,1.00,1.00,0.579721
979,1.00,0.00,0.221175
980,0.00,0.00,0.250165
981,1.00,0.00,0.807867
982,1.00,0.00,0.296757
983,0.00,1.00,0.576802
984,0.00,0.00,0.463459
985,0.00,0.00,0.421700
986,0.00,1.00,0.272794
987,1.00,0.00,0.474589
988,1.00,0.00,0.299946
989,1.00,0.00,0.390321
990,0.00,1.00,0.681057
991,1.00,0.00,0.300618
992,0.00,1.00,0.133392
993,0.00,0.00,0.423486
994,0.00,0.00,0.490630
995,1.00,1.00,0.164201
996,0.00,0.00,0.272794
997,1.00,1.00,0.576576
998,1.00,1.00,0.529765
999,0.00,0.00,0.678830
1000,0.00,1.00,0.210729
1001,1.00,0.00,0.619242
1002,0.00,1.00,0.183005
1003,1.00,1.00,0.601275
1004,0.00,0.00,0.533132
1005,1.00,0.00,0.514335
1006,1.00,1.00,0.426825
1007,0.00,0.00,0.701301
1008,1.00,1.00,0.501137
1009,0.00,0.00,0.168580
1010,0.00,1.00,0.140895
1011,0.00,0.00,0.374561
1012,1.00,0.00,0.415842
1013,0.00,0.00,0.582018
1014,0.00,0.00,0.623121
1015,0.00,1.00,0.257482
1016,0.00,0.00,0.299946
1017,0.00,0.00,0.232026
1018,1.00,1.00,0.328818
1019,1.00,1.00,0.642336
1020,0.00,1.00,0.331941
1021,1.00,0.00,0.627677
1022,0.00,1.00,0.129486
1023,0.00,0.00,0.563445
1024,0.00,0.00,0.615595
1025,0.00,0.00,0.548034
1026,1.00,1.00,0.917600
1027,1.00,0.00,0.031088
1028,1.00,0.00,0.848744
1029,1.00,0.00,0.511609
1030,1.00,0.00,0.544726
1031,1.00,1.00,0.293323
1032,1.00,1.00,0.316360
1033,0.00,0.00,0.550139
1034,0.00,0.00,0.455101
1035,1.00,0.00,0.232521
1036,1.00,0.00,0.503902
1037,0.00,0.00,0.257482
1038,0.00,0.00,0.715048
1039,0.00,0.00,0.612481
1040,1.00,0.00,0.675975
1041,1.00,0.00,0.570038
1042,0.00,1.00,0.201437
1043,0.00,0.00,0.949129
1044,0.00,1.00,0.967119
1045,0.00,0.00,0.330197
1046,1.00,0.00,0.450027
1047,1.00,0.00,0.524769
1048,0.00,0.00,0.511609
1049,1.00,0.00,0.514335
1050,1.00,0.00,0.084979
1051,0.00,0.00,0.577694
1052,1.00,0.00,0.456393
1053,0.00,0.00,0.456006
1054,0.00,0.00,0.544726
1055,0.00,1.00,0.439664
1056,0.00,1.00,0.481782
1057,1.00,0.00,0.670970
1058,0.00,0.00,0.730563
1059,0.00,1.00,0.188042
1060,0.00,1.00,0.005402
1061,0.00,1.00,0.289768
1062,1.00,0.00,0.554446
1063,0.00,1.00,0.212517
1064,1.00,0.00,0.947706
1065,0.00,0.00,0.497851
1066,1.00,0.00,0.820468
1067,0.00,0.00,0.223030
1068,1.00,1.00,0.525977
1069,0.00,0.00,0.176280
1070,0.00,0.00,0.381977
1071,1.00,0.00,0.385805
1072,0.00,1.00,0.182248
1073,0.00,1.00,0.272794
1074,1.00,0.00,0.525977
1075,1.00,1.00,0.247416
1076,1.00,1.00,0.973287
1077,1.00,0.00,0.402586
1078,1.00,1.00,0.273008
1079,1.00,1.00,0.283479
1080,1.00,0.00,0.159949
1081,1.00,0.00,0.234901
1082,0.00,0.00,0.366404
1083,1.00,1.00,0.386568
1084,1.00,0.00,0.778470
1085,1.00,1.00,0.626174
1086,0.00,1.00,0.301323
1087,1.00,0.00,0.568553
1088,1.00,0.00,0.647134
1089,1.00,0.00,0.458376
1090,1.00,1.00,0.266542
1091,1.00,1.00,0.290298
1092,1.00,0.00,0.720516
1093,0.00,0.00,0.348356
1094,0.00,0.00,0.462855
1095,0.00,0.00,0.180786
1096,0.00,1.00,0.168580
1097,0.00,0.00,0.463101
1098,0.00,1.00,0.270260
1099,1.00,1.00,0.550719
1100,1.00,1.00,0.079776
1101,1.00,1.00,0.701277
1102,0.00,1.00,0.168580
1103,0.00,0.00,0.272991
1104,1.00,0.00,0.711285
1105,1.00,0.00,0.810877
1106,1.00,0.00,0.908447
1107,1.00,1.00,0.974476
1108,0.00,0.00,0.366404
1109,1.00,0.00,0.644637
1110,1.00,0.00,0.639034
1111,0.00,1.00,0.244011
1112,1.00,0.00,0.938548
1113,0.00,1.00,0.397777
1114,1.00,1.00,0.455101
1115,0.00,0.00,0.006665
1116,0.00,0.00,0.347746
1117,0.00,1.00,0.244011
1118,1.00,0.00,0.662523
1119,0.00,0.00,0.446054
1120,1.00,0.00,0.778850
1121,0.00,1.00,0.168580
1122,1.00,0.00,0.985081
1123,1.00,1.00,0.609512
1124,1.00,0.00,0.672705
1125,1.00,0.00,0.574852
1126,0.00,0.00,0.477435
1127,0.00,0.00,0.480041
1128,1.00,0.00,0.521436
1129,1.00,1.00,0.989184
1130,0.00,0.00,0.627973
1131,0.00,1.00,0.165493
1132,1.00,1.00,0.883258
1133,0.00,0.00,0.788334
1134,1.00,1.00,0.427815
1135,1.00,0.00,0.218031
1136,1.00,1.00,0.728147
1137,0.00,0.00,0.331522
1138,0.00,1.00,0.406908
1139,1.00,0.00,0.259570
1140,0.00,0.00,0.356204
1141,1.00,0.00,0.892117
1142,0.00,0.00,0.397090
1143,1.00,1.00,0.243405
1144,1.00,0.00,0.464304
1145,0.00,0.00,0.279244
1146,0.00,1.00,0.272794
1147,0.00,1.00,0.503804
1148,1.00,0.00,0.854217
1149,0.00,0.00,0.596121
1150,0.00,1.00,0.330197
1151,0.00,1.00,0.375568
1152,0.00,0.00,0.299946
1153,1.00,0.00,0.490061
1154,1.00,0.00,0.404590
1155,0.00,0.00,0.803352
1156,0.00,0.00,0.665585
1157,1.00,0.00,0.728291
1158,0.00,1.00,0.272794
1159,1.00,1.00,0.358547
1160,1.00,1.00,0.561742
1161,1.00,1.00,0.148131
1162,1.00,0.00,0.231694
1163,0.00,0.00,0.493039
1164,1.00,0.00,0.386721
1165,0.00,1.00,0.286690
1166,0.00,0.00,0.880190
1167,0.00,0.00,0.316360
1168,1.00,0.00,0.482045
1169,1.00,1.00,0.168580
1170,0.00,0.00,0.385527
1171,0.00,1.00,0.296309
1172,0.00,1.00,0.441600
1173,0.00,1.00,0.212088
1174,0.00,0.00,0.697450
1175,0.00,0.00,0.235613
1176,0.00,1.00,0.268489
1177,0.00,1.00,0.130883
1178,1.00,1.00,0.172102
1179,0.00,1.00,0.007878
1180,0.00,1.00,0.272794
1181,0.00,0.00,0.133392
1182,1.00,0.00,0.272794
1183,1.00,0.00,0.701938
1184,1.00,0.00,0.286690
1185,0.00,0.00,0.970596
1186,1.00,0.00,0.817155
1187,1.00,0.00,0.763465
1188,1.00,0.00,0.774048
1189,1.00,1.00,0.140895
1190,0.00,0.00,0.954014
1191,1.00,0.00,0.270028
1192,1.00,1.00,0.397777
1193,0.00,0.00,0.014942
1194,0.00,0.00,0.481113
1195,1.00,0.00,0.994133
1196,1.00,0.00,0.925944
1197,1.00,0.00,0.627231
1198,0.00,0.00,0.425601
1199,0.00,0.00,0.508279
1200,1.00,1.00,0.404590
1201,0.00,1.00,0.623459
1202,1.00,1.00,0.316360
1203,0.00,1.00,0.217588
1204,0.00,0.00,0.909429
1205,0.00,0.00,0.138218
1206,1.00,0.00,0.607817
1207,0.00,1.00,0.002454
1208,0.00,1.00,0.429310
1209,0.00,0.00,0.339059
1210,0.00,0.00,0.657342
1211,0.00,1.00,0.168580
1212,0.00,0.00,0.670970
1213,1.00,0.00,0.639136
1214,0.00,0.00,0.026503
1215,0.00,1.00,0.351619
1216,1.00,0.00,0.468291
1217,1.00,0.00,0.293799
1218,0.00,1.00,0.039343
1219,0.00,1.00,0.107511
1220,0.00,0.00,0.273008
1221,0.00,1.00,0.175637
1222,1.00,0.00,0.960537
1223,1.00,0.00,0.926421
1224,0.00,1.00,0.641918
1225,0.00,1.00,0.229631
1226,0.00,0.00,0.347951
1227,1.00,1.00,0.500397
1228,1.00,0.00,0.664788
1229,1.00,0.00,0.515267
1230,1.00,0.00,0.752389
1231,0.00,1.00,0.132128
1232,1.00,0.00,0.676092
1233,0.00,1.00,0.316360
1234,0.00,0.00,0.014583
1235,0.00,0.00,0.546366
1236,1.00,1.00,0.591429
1237,1.00,1.00,0.947198
1238,0.00,1.00,0.392837
1239,0.00,1.00,0.066046
1240,1.00,0.00,0.011615
1241,0.00,0.00,0.289915
1242,1.00,1.00,0.386164
1243,0.00,0.00,0.715737
1244,0.00,0.00,0.299946
1245,1.00,1.00,0.451344
1246,1.00,0.00,0.829316
1247,0.00,0.00,0.570989
1248,0.00,0.00,0.185397
1249,1.00,0.00,0.401632
1250,1.00,0.00,0.228404
1251,1.00,1.00,0.316360
1252,1.00,0.00,0.504940
1253,1.00,1.00,0.536281
1254,0.00,0.00,0.691467
1255,0.00,1.00,0.316360
1256,0.00,0.00,0.272794
1257,0.00,0.00,0.709185
1258,0.00,0.00,0.456006
1259,0.00,0.00,0.271512
1260,1.00,0.00,0.660916
1261,0.00,1.00,0.466669
1262,0.00,1.00,0.529581
1263,1.00,1.00,0.132128
1264,0.00,1.00,0.168580
1265,1.00,1.00,0.955742
1266,1.00,1.00,0.021546
1267,0.00,1.00,0.245337
1268,0.00,0.00,0.366971
1269,0.00,0.00,0.568559
1270,1.00,1.00,0.788334
1271,1.00,0.00,0.537722
1272,0.00,0.00,0.491961
1273,1.00,0.00,0.417473
1274,1.00,1.00,0.375568
1275,0.00,0.00,0.542499
1276,0.00,0.00,0.565823
1277,0.00,0.00,0.398362
1278,0.00,1.00,0.146146
1279,0.00,0.00,0.511609
1280,0.00,0.00,0.356174
1281,0.00,1.00,0.635637
1282,1.00,0.00,0.433956
1283,1.00,0.00,0.436977
1284,1.00,1.00,0.643161
1285,0.00,1.00,0.007092
1286,0.00,1.00,0.132128
1287,0.00,0.00,0.456721
1288,1.00,0.00,0.491196
1289,0.00,0.00,0.771531
1290,1.00,0.00,0.504678
1291,1.00,0.00,0.564457
1292,1.00,0.00,0.824898
1293,1.00,1.00,0.926130
1294,1.00,0.00,0.495620
1295,0.00,1.00,0.328580
1296,1.00,0.00,0.197281
1297,0.00,1.00,0.188042
1298,1.00,0.00,0.642623
1299,1.00,0.00,0.533275
1300,1.00,0.00,0.670970
1301,1.00,1.00,0.726096
1302,0.00,1.00,0.138218
1303,0.00,0.00,0.230304
1304,1.00,1.00,0.715556
1305,1.00,0.00,0.820020
1306,0.00,1.00,0.694736
1307,0.00,0.00,0.101012
1308,1.00,0.00,0.430612
1309,0.00,1.00,0.182248
1310,0.00,1.00,0.450098
1311,1.00,0.00,0.807388
1312,0.00,0.00,0.626804
1313,0.00,1.00,0.257950
1314,0.00,0.00,0.469079
1315,1.00,0.00,0.919292
1316,0.00,0.00,0.359896
1317,1.00,1.00,0.913305
1318,0.00,1.00,0.442939
1319,1.00,1.00,0.558959
1320,0.00,0.00,0.252258
1321,1.00,1.00,0.344133
1322,1.00,0.00,0.416917
1323,0.00,0.00,0.354551
1324,1.00,0.00,0.574271
1325,0.00,1.00,0.595630
1326,0.00,1.00,0.328226
1327,0.00,1.00,0.185051
1328,0.00,1.00,0.210729
1329,1.00,0.00,0.404850
1330,1.00,1.00,0.999391
1331,0.00,0.00,0.404590
1332,1.00,1.00,0.188042
1333,0.00,1.00,0.168580
1334,0.00,1.00,0.209185
1335,0.00,1.00,0.700464
1336,1.00,0.00,0.664934
1337,0.00,1.00,0.213337
1338,1.00,0.00,0.201615
1339,1.00,0.00,0.926036
1340,0.00,0.00,0.288550
1341,0.00,0.00,0.672429
1342,1.00,1.00,0.257482
1343,0.00,0.00,0.998118
1344,1.00,0.00,0.870005
1345,0.00,1.00,0.603359
1346,1.00,0.00,0.932848
1347,0.00,1.00,0.502524
1348,1.00,0.00,0.691467
1349,1.00,1.00,0.534134
1350,0.00,1.00,0.243405
1351,0.00,1.00,0.004012
1352,1.00,0.00,0.542499
1353,0.00,1.00,0.494242
1354,0.00,0.00,0.425641
1355,0.00,1.00,0.258331
1356,1.00,0.00,0.529581
1357,0.00,1.00,0.888587
1358,1.00,0.00,0.374561
1359,0.00,0.00,0.406102
1360,0.00,1.00,0.309492
1361,0.00,1.00,0.289915
1362,1.00,1.00,0.508791
1363,0.00,0.00,0.270600
1364,1.00,1.00,0.299946
1365,0.00,1.00,0.456006
1366,0.00,1.00,0.399621
1367,1.00,0.00,0.480041
1368,0.00,0.00,0.509158
1369,0.00,0.00,0.404590
1370,1.00,0.00,0.491537
1371,0.00,0.00,0.421700
1372,0.00,0.00,0.287819
1373,1.00,1.00,0.308268
1374,0.00,1.00,0.085063
1375,0.00,1.00,0.404590
1376,1.00,0.00,0.373169
1377,0.00,1.00,0.250234
1378,0.00,1.00,0.743475
1379,1.00,0.00,0.268713
1380,0.00,1.00,0.200843
1381,0.00,0.00,0.005581
1382,1.00,1.00,0.216529
1383,0.00,0.00,0.628351
1384,1.00,0.00,0.524896
1385,0.00,0.00,0.353460
1386,0.00,1.00,0.272794
1387,0.00,1.00,0.351686
1388,0.00,0.00,0.404590
1389,0.00,0.00,0.416668
1390,1.00,0.00,0.684524
1391,0.00,1.00,0.389280
1392,1.00,0.00,0.462456
1393,0.00,1.00,0.726382
1394,0.00,1.00,0.489128
1395,0.00,0.00,0.034830
1396,1.00,1.00,0.790430
1397,0.00,1.00,0.418528
1398,0.00,0.00,0.137932
1399,1.00,0.00,0.997865
1400,0.00,1.00,0.130883
1401,0.00,0.00,0.219998
1402,0.00,1.00,0.254076
1403,1.00,0.00,0.276544
1404,1.00,1.00,0.670653
1405,0.00,0.00,0.724798
1406,0.00,1.00,0.232026
1407,1.00,0.00,0.693023
1408,1.00,0.00,0.544726
1409,1.00,0.00,0.479955
1410,0.00,1.00,0.715737
1411,1.00,1.00,0.564457
1412,1.00,0.00,0.641512
1413,1.00,0.00,0.909487
1414,0.00,0.00,0.562167
1415,1.00,0.00,0.577382
1416,1.00,0.00,0.168580
1417,1.00,0.00,0.753620
1418,0.00,0.00,0.536971
1419,0.00,1.00,0.481113
1420,0.00,0.00,0.034830
1421,0.00,0.00,0.255712
1422,1.00,0.00,0.563748
1423,0.00,0.00,0.266643
1424,0.00,1.00,0.003555
1425,0.00,0.00,0.612992
1426,0.00,0.00,0.272794
1427,1.00,0.00,0.366404
1428,0.00,0.00,0.314626
1429,0.00,1.00,0.309231
1430,0.00,0.00,0.794801
1431,1.00,0.00,0.513262
1432,1.00,0.00,0.362875
1433,1.00,1.00,0.212517
1434,1.00,0.00,0.358178
1435,0.00,0.00,0.457500
1436,0.00,1.00,0.032130
1437,0.00,0.00,0.354551
1438,0.00,1.00,0.200082
1439,0.00,0.00,0.229713
1440,1.00,1.00,0.358547
1441,1.00,1.00,0.670065
1442,1.00,0.00,0.213419
1443,1.00,0.00,0.762955
1444,1.00,0.00,0.440584
1445,1.00,1.00,0.148131
1446,0.00,0.00,0.315585
1447,0.00,1.00,0.113740
1448,0.00,1.00,0.360691
1449,1.00,1.00,0.464266
1450,0.00,0.00,0.283630
1451,1.00,0.00,0.941926
1452,1.00,0.00,0.789883
1453,0.00,0.00,0.689391
1454,0.00,0.00,0.101012
1455,1.00,0.00,0.963611
1456,0.00,1.00,0.366404
1457,0.00,1.00,0.256552
1458,0.00,1.00,0.209185
1459,0.00,1.00,0.997551
1460,1.00,0.00,0.737843
1461,1.00,1.00,0.492766
1462,1.00,0.00,0.753620
1463,0.00,1.00,0.284352
1464,0.00,0.00,0.731120
1465,1.00,1.00,0.397777
1466,0.00,1.00,0.720516
1467,0.00,0.00,0.219764
1468,0.00,0.00,0.198800
1469,0.00,1.00,0.181922
1470,1.00,0.00,0.460595
1471,1.00,0.00,0.544057
1472,1.00,1.00,0.535060
1473,1.00,0.00,0.778226
1474,0.00,0.00,0.404590
1475,0.00,0.00,0.345787
1476,0.00,1.00,0.299946
1477,0.00,0.00,0.557081
1478,0.00,0.00,0.841222
1479,1.00,0.00,0.845627
1480,1.00,0.00,0.812117
1481,1.00,1.00,0.486984
1482,1.00,1.00,0.563968
1483,1.00,0.00,0.714246
1484,1.00,0.00,0.839439
1485,1.00,1.00,0.731825
1486,0.00,0.00,0.524896
1487,1.00,0.00,0.431419
1488,0.00,0.00,0.133392
1489,0.00,0.00,0.715556
1490,0.00,0.00,0.654119
1491,0.00,1.00,0.635637
1492,0.00,1.00,0.444667
1493,1.00,0.00,0.787584
1494,1.00,0.00,0.238140
1495,1.00,0.00,0.538291
1496,0.00,1.00,0.168580
1497,1.00,0.00,0.210620
1498,0.00,0.00,0.729799
1499,0.00,1.00,0.392623
1500,0.00,1.00,0.272794
1501,1.00,0.00,0.578836
1502,0.00,0.00,0.763205
1503,1.00,0.00,0.037148
1504,1.00,1.00,0.977459
1505,0.00,1.00,0.132128
1506,1.00,1.00,0.272794
1507,0.00,1.00,0.511609
1508,0.00,0.00,0.355557
1509,0.00,0.00,0.205786
1510,0.00,1.00,0.009998
1511,0.00,0.00,0.177767
1512,1.00,1.00,0.862802
1513,0.00,0.00,0.670970
1514,1.00,1.00,0.299946
1515,0.00,0.00,0.200082
1516,0.00,1.00,0.101012
1517,1.00,1.00,0.223501
1518,0.00,0.00,0.472231
1519,1.00,0.00,0.168580
1520,0.00,1.00,0.272794
1521,1.00,1.00,0.670547
1522,1.00,1.00,0.330637
1523,0.00,0.00,0.462456
1524,1.00,0.00,0.914151
1525,1.00,1.00,0.436977
1526,1.00,0.00,0.909311
1527,0.00,1.00,0.004138
1528,0.00,0.00,0.629927
1529,0.00,1.00,0.328580
1530,1.00,1.00,0.492766
1531,0.00,1.00,0.763182
1532,1.00,1.00,0.338596
1533,1.00,1.00,0.909351
1534,1.00,0.00,0.462855
1535,0.00,1.00,0.462456
1536,0.00,0.00,0.557747
1537,0.00,0.00,0.200843
1538,1.00,0.00,0.460916
1539,1.00,0.00,0.486552
1540,0.00,0.00,0.272794
1541,0.00,1.00,0.130883
1542,0.00,0.00,0.377556
1543,0.00,1.00,0.339719
1544,0.00,0.00,0.252258
1545,0.00,1.00,0.299946
1546,0.00,0.00,0.217588
1547,1.00,1.00,0.272794
1548,0.00,1.00,0.014527
1549,1.00,0.00,0.837462
1550,0.00,0.00,0.272794
1551,0.00,0.00,0.529222
1552,0.00,0.00,0.095396
1553,1.00,0.00,0.490215
1554,0.00,1.00,0.579237
1555,1.00,0.00,0.275720
1556,0.00,1.00,0.267348
1557,0.00,0.00,0.343973
1558,1.00,1.00,0.995448
1559,0.00,1.00,0.085063
1560,1.00,0.00,0.315663
1561,1.00,0.00,0.207039
1562,0.00,0.00,0.207039
1563,1.00,1.00,0.343973
1564,1.00,0.00,0.325228
1565,1.00,0.00,0.839223
1566,1.00,0.00,0.720557
1567,1.00,1.00,0.713919
1568,0.00,1.00,0.159804
1569,0.00,0.00,0.243146
1570,0.00,1.00,0.229713
1571,0.00,0.00,0.396229
1572,0.00,0.00,0.071524
1573,1.00,0.00,0.943099
1574,0.00,0.00,0.425147
1575,0.00,0.00,0.272794
1576,1.00,1.00,0.366971
1577,1.00,1.00,0.295308
1578,0.00,0.00,0.885389
1579,0.00,0.00,0.016222
1580,0.00,1.00,0.005673
1581,1.00,0.00,0.386721
